{"0.5": [19.0, 19.800000000000001, 21.0, 21.5, 23.800000000000001, 23.199999999999999, 25.100000000000001, 26.100000000000001, 26.399999999999999, 26.899999999999999, 26.600000000000001, 27.100000000000001, 27.300000000000001, 28.100000000000001, 28.100000000000001], "1": [19.0, 19.199999999999999, 19.399999999999999, 20.600000000000001, 21.600000000000001, 22.800000000000001, 24.399999999999999, 24.600000000000001, 25.399999999999999, 26.199999999999999, 26.699999999999999, 26.800000000000001, 27.199999999999999, 28.0, 28.100000000000001], "2": [19.0, 19.0, 19.100000000000001, 20.600000000000001, 21.199999999999999, 21.800000000000001, 23.300000000000001, 24.399999999999999, 24.899999999999999, 25.5, 26.399999999999999, 26.5, 27.100000000000001, 27.600000000000001, 27.699999999999999], "0.2": [19.0, 19.699999999999999, 21.199999999999999, 22.699999999999999, 23.5, 24.0, 26.0, 26.300000000000001, 26.5, 27.399999999999999, 27.5, 28.0, 27.899999999999999, 28.199999999999999, 28.199999999999999], "0.1": [19.0, 20.100000000000001, 21.800000000000001, 23.600000000000001, 24.100000000000001, 25.5, 26.800000000000001, 26.399999999999999, 27.100000000000001, 27.100000000000001, 27.300000000000001, 27.899999999999999, 27.899999999999999, 28.199999999999999, 28.300000000000001], "0.05": [19.0, 20.0, 22.0, 23.699999999999999, 26.100000000000001, 26.199999999999999, 26.800000000000001, 27.5, 28.600000000000001, 28.100000000000001, 28.600000000000001, 28.699999999999999, 28.800000000000001, 28.899999999999999, 28.800000000000001], "0.01": [28.0, 29.0, 29.0, 29.0, 29.0, 29.0, 29.0, 29.0, 29.0, 29.0, 29.0, 29.0, 29.0, 29.0, 29.0]}